{"frames": {

"background/background.png":
{
	"frame": {"x":51,"y":26,"w":24,"h":24},
	"rotated": false,
	"trimmed": false,
	"spriteSourceSize": {"x":0,"y":0,"w":24,"h":24},
	"sourceSize": {"w":24,"h":24}
},
"background/cloud-deeplight.png":
{
	"frame": {"x":80,"y":1,"w":32,"h":16},
	"rotated": false,
	"trimmed": false,
	"spriteSourceSize": {"x":0,"y":0,"w":32,"h":16},
	"sourceSize": {"w":32,"h":16}
},
"background/cloud.png":
{
	"frame": {"x":69,"y":58,"w":32,"h":15},
	"rotated": true,
	"trimmed": true,
	"spriteSourceSize": {"x":0,"y":0,"w":32,"h":15},
	"sourceSize": {"w":32,"h":16}
},
"background/grass1.png":
{
	"frame": {"x":70,"y":109,"w":8,"h":8},
	"rotated": false,
	"trimmed": false,
	"spriteSourceSize": {"x":0,"y":0,"w":8,"h":8},
	"sourceSize": {"w":8,"h":8}
},
"background/grass2.png":
{
	"frame": {"x":69,"y":1,"w":8,"h":8},
	"rotated": false,
	"trimmed": false,
	"spriteSourceSize": {"x":0,"y":0,"w":8,"h":8},
	"sourceSize": {"w":8,"h":8}
},
"background/iceshrub.png":
{
	"frame": {"x":35,"y":59,"w":32,"h":32},
	"rotated": false,
	"trimmed": false,
	"spriteSourceSize": {"x":0,"y":0,"w":32,"h":32},
	"sourceSize": {"w":32,"h":32}
},
"background/stone1.png":
{
	"frame": {"x":80,"y":108,"w":16,"h":11},
	"rotated": false,
	"trimmed": true,
	"spriteSourceSize": {"x":0,"y":5,"w":16,"h":11},
	"sourceSize": {"w":16,"h":16}
},
"background/stone2.png":
{
	"frame": {"x":114,"y":1,"w":16,"h":12},
	"rotated": true,
	"trimmed": true,
	"spriteSourceSize": {"x":0,"y":4,"w":16,"h":12},
	"sourceSize": {"w":16,"h":16}
},
"background/tux-statue.png":
{
	"frame": {"x":51,"y":1,"w":16,"h":23},
	"rotated": false,
	"trimmed": false,
	"spriteSourceSize": {"x":0,"y":0,"w":16,"h":23},
	"sourceSize": {"w":16,"h":23}
},
"coin/coin-0.png":
{
	"frame": {"x":69,"y":11,"w":8,"h":8},
	"rotated": false,
	"trimmed": false,
	"spriteSourceSize": {"x":0,"y":0,"w":8,"h":8},
	"sourceSize": {"w":8,"h":8}
},
"coin/coin-1.png":
{
	"frame": {"x":119,"y":38,"w":8,"h":8},
	"rotated": false,
	"trimmed": false,
	"spriteSourceSize": {"x":0,"y":0,"w":8,"h":8},
	"sourceSize": {"w":8,"h":8}
},
"coin/coin-2.png":
{
	"frame": {"x":51,"y":52,"w":4,"h":8},
	"rotated": true,
	"trimmed": true,
	"spriteSourceSize": {"x":2,"y":0,"w":4,"h":8},
	"sourceSize": {"w":8,"h":8}
},
"coin/coin-3.png":
{
	"frame": {"x":119,"y":48,"w":8,"h":8},
	"rotated": false,
	"trimmed": false,
	"spriteSourceSize": {"x":0,"y":0,"w":8,"h":8},
	"sourceSize": {"w":8,"h":8}
},
"coin/coin-4.png":
{
	"frame": {"x":119,"y":58,"w":8,"h":8},
	"rotated": false,
	"trimmed": false,
	"spriteSourceSize": {"x":0,"y":0,"w":8,"h":8},
	"sourceSize": {"w":8,"h":8}
},
"coin/coin-5.png":
{
	"frame": {"x":118,"y":68,"w":8,"h":8},
	"rotated": false,
	"trimmed": false,
	"spriteSourceSize": {"x":0,"y":0,"w":8,"h":8},
	"sourceSize": {"w":8,"h":8}
},
"coin/coin-6.png":
{
	"frame": {"x":61,"y":52,"w":4,"h":8},
	"rotated": true,
	"trimmed": true,
	"spriteSourceSize": {"x":2,"y":0,"w":4,"h":8},
	"sourceSize": {"w":8,"h":8}
},
"coin/coin-7.png":
{
	"frame": {"x":118,"y":78,"w":8,"h":8},
	"rotated": false,
	"trimmed": false,
	"spriteSourceSize": {"x":0,"y":0,"w":8,"h":8},
	"sourceSize": {"w":8,"h":8}
},
"coin/heavy_coin.png":
{
	"frame": {"x":91,"y":80,"w":8,"h":8},
	"rotated": false,
	"trimmed": false,
	"spriteSourceSize": {"x":0,"y":0,"w":8,"h":8},
	"sourceSize": {"w":8,"h":8}
},
"coin/path_coin.png":
{
	"frame": {"x":91,"y":90,"w":8,"h":8},
	"rotated": false,
	"trimmed": false,
	"spriteSourceSize": {"x":0,"y":0,"w":8,"h":8},
	"sourceSize": {"w":8,"h":8}
},
"creatures/left-0.png":
{
	"frame": {"x":1,"y":109,"w":10,"h":10},
	"rotated": false,
	"trimmed": false,
	"spriteSourceSize": {"x":0,"y":0,"w":10,"h":10},
	"sourceSize": {"w":10,"h":10}
},
"creatures/left-1.png":
{
	"frame": {"x":13,"y":109,"w":10,"h":10},
	"rotated": false,
	"trimmed": false,
	"spriteSourceSize": {"x":0,"y":0,"w":10,"h":10},
	"sourceSize": {"w":10,"h":10}
},
"creatures/left-2.png":
{
	"frame": {"x":25,"y":109,"w":10,"h":10},
	"rotated": false,
	"trimmed": false,
	"spriteSourceSize": {"x":0,"y":0,"w":10,"h":10},
	"sourceSize": {"w":10,"h":10}
},
"creatures/mrs-squished-left.png":
{
	"frame": {"x":69,"y":21,"w":8,"h":3},
	"rotated": false,
	"trimmed": false,
	"spriteSourceSize": {"x":0,"y":0,"w":8,"h":3},
	"sourceSize": {"w":8,"h":3}
},
"creatures/snowjumpy/gear-cracked.png":
{
	"frame": {"x":101,"y":93,"w":12,"h":12},
	"rotated": false,
	"trimmed": true,
	"spriteSourceSize": {"x":0,"y":2,"w":12,"h":12},
	"sourceSize": {"w":12,"h":14}
},
"creatures/snowjumpy/gear.png":
{
	"frame": {"x":35,"y":93,"w":12,"h":14},
	"rotated": false,
	"trimmed": false,
	"spriteSourceSize": {"x":0,"y":0,"w":12,"h":14},
	"sourceSize": {"w":12,"h":14}
},
"creatures/snowjumpy/iced-left-up.png":
{
	"frame": {"x":49,"y":93,"w":12,"h":14},
	"rotated": false,
	"trimmed": false,
	"spriteSourceSize": {"x":0,"y":0,"w":12,"h":14},
	"sourceSize": {"w":12,"h":14}
},
"creatures/snowjumpy/left-down.png":
{
	"frame": {"x":63,"y":93,"w":12,"h":14},
	"rotated": false,
	"trimmed": false,
	"spriteSourceSize": {"x":0,"y":0,"w":12,"h":14},
	"sourceSize": {"w":12,"h":14}
},
"creatures/snowjumpy/left-middle.png":
{
	"frame": {"x":77,"y":92,"w":12,"h":14},
	"rotated": false,
	"trimmed": false,
	"spriteSourceSize": {"x":0,"y":0,"w":12,"h":14},
	"sourceSize": {"w":12,"h":14}
},
"creatures/snowjumpy/left-up.png":
{
	"frame": {"x":103,"y":37,"w":12,"h":14},
	"rotated": true,
	"trimmed": false,
	"spriteSourceSize": {"x":0,"y":0,"w":12,"h":14},
	"sourceSize": {"w":12,"h":14}
},
"creatures/snowjumpy/melting-0.png":
{
	"frame": {"x":103,"y":51,"w":12,"h":14},
	"rotated": true,
	"trimmed": false,
	"spriteSourceSize": {"x":0,"y":0,"w":12,"h":14},
	"sourceSize": {"w":12,"h":14}
},
"creatures/snowjumpy/melting-1.png":
{
	"frame": {"x":86,"y":52,"w":12,"h":14},
	"rotated": true,
	"trimmed": false,
	"spriteSourceSize": {"x":0,"y":0,"w":12,"h":14},
	"sourceSize": {"w":12,"h":14}
},
"creatures/snowjumpy/melting-2.png":
{
	"frame": {"x":102,"y":65,"w":12,"h":14},
	"rotated": true,
	"trimmed": false,
	"spriteSourceSize": {"x":0,"y":0,"w":12,"h":14},
	"sourceSize": {"w":12,"h":14}
},
"creatures/snowjumpy/melting-3.png":
{
	"frame": {"x":86,"y":66,"w":12,"h":14},
	"rotated": true,
	"trimmed": false,
	"spriteSourceSize": {"x":0,"y":0,"w":12,"h":14},
	"sourceSize": {"w":12,"h":14}
},
"creatures/snowjumpy/melting-4.png":
{
	"frame": {"x":102,"y":79,"w":12,"h":14},
	"rotated": true,
	"trimmed": false,
	"spriteSourceSize": {"x":0,"y":0,"w":12,"h":14},
	"sourceSize": {"w":12,"h":14}
},
"creatures/sport-left-0.png":
{
	"frame": {"x":37,"y":109,"w":10,"h":9},
	"rotated": true,
	"trimmed": false,
	"spriteSourceSize": {"x":0,"y":0,"w":10,"h":9},
	"sourceSize": {"w":10,"h":9}
},
"creatures/sport-left-1.png":
{
	"frame": {"x":48,"y":109,"w":10,"h":9},
	"rotated": true,
	"trimmed": false,
	"spriteSourceSize": {"x":0,"y":0,"w":10,"h":9},
	"sourceSize": {"w":10,"h":9}
},
"creatures/sport-left-2.png":
{
	"frame": {"x":59,"y":109,"w":10,"h":9},
	"rotated": true,
	"trimmed": false,
	"spriteSourceSize": {"x":0,"y":0,"w":10,"h":9},
	"sourceSize": {"w":10,"h":9}
},
"creatures/squished-left.png":
{
	"frame": {"x":71,"y":52,"w":8,"h":3},
	"rotated": false,
	"trimmed": false,
	"spriteSourceSize": {"x":0,"y":0,"w":8,"h":3},
	"sourceSize": {"w":8,"h":3}
},
"goal/exitbg.png":
{
	"frame": {"x":1,"y":59,"w":32,"h":48},
	"rotated": false,
	"trimmed": true,
	"spriteSourceSize": {"x":0,"y":1,"w":32,"h":48},
	"sourceSize": {"w":32,"h":49}
},
"goal/exitfg.png":
{
	"frame": {"x":1,"y":1,"w":56,"h":48},
	"rotated": true,
	"trimmed": true,
	"spriteSourceSize": {"x":0,"y":1,"w":56,"h":48},
	"sourceSize": {"w":56,"h":49}
},
"goal/goal1.png":
{
	"frame": {"x":121,"y":19,"w":6,"h":8},
	"rotated": false,
	"trimmed": true,
	"spriteSourceSize": {"x":1,"y":0,"w":6,"h":8},
	"sourceSize": {"w":8,"h":8}
},
"goal/goal2.png":
{
	"frame": {"x":121,"y":29,"w":6,"h":7},
	"rotated": false,
	"trimmed": true,
	"spriteSourceSize": {"x":1,"y":1,"w":6,"h":7},
	"sourceSize": {"w":8,"h":8}
},
"ground/icesquare1.png":
{
	"frame": {"x":77,"y":26,"w":24,"h":24},
	"rotated": false,
	"trimmed": false,
	"spriteSourceSize": {"x":0,"y":0,"w":24,"h":24},
	"sourceSize": {"w":24,"h":24}
},
"ground/tile.png":
{
	"frame": {"x":118,"y":108,"w":8,"h":7},
	"rotated": false,
	"trimmed": true,
	"spriteSourceSize": {"x":0,"y":1,"w":8,"h":7},
	"sourceSize": {"w":8,"h":8}
},
"platform/bigblock.png":
{
	"frame": {"x":103,"y":19,"w":16,"h":16},
	"rotated": false,
	"trimmed": false,
	"spriteSourceSize": {"x":0,"y":0,"w":16,"h":16},
	"sourceSize": {"w":16,"h":16}
},
"platform/block5.png":
{
	"frame": {"x":118,"y":88,"w":8,"h":8},
	"rotated": false,
	"trimmed": false,
	"spriteSourceSize": {"x":0,"y":0,"w":8,"h":8},
	"sourceSize": {"w":8,"h":8}
},
"platform/brick1.png":
{
	"frame": {"x":115,"y":98,"w":8,"h":8},
	"rotated": false,
	"trimmed": false,
	"spriteSourceSize": {"x":0,"y":0,"w":8,"h":8},
	"sourceSize": {"w":8,"h":8}
},
"platform/empty.png":
{
	"frame": {"x":98,"y":108,"w":8,"h":8},
	"rotated": false,
	"trimmed": false,
	"spriteSourceSize": {"x":0,"y":0,"w":8,"h":8},
	"sourceSize": {"w":8,"h":8}
},
"platform/full-0.png":
{
	"frame": {"x":108,"y":108,"w":8,"h":8},
	"rotated": false,
	"trimmed": false,
	"spriteSourceSize": {"x":0,"y":0,"w":8,"h":8},
	"sourceSize": {"w":8,"h":8}
}},
"meta": {
	"app": "https://www.codeandweb.com/texturepacker",
	"version": "1.0",
	"image": "tux_sprites-sd.png",
	"format": "RGBA8888",
	"size": {"w":128,"h":120},
	"scale": "0.25",
	"smartupdate": "$TexturePacker:SmartUpdate:147a3730a5c5b604c68340d6c428e5e9:c418cf5547d3e99a63b61853243e35a8:494a1065953683e0ae98bc983b30051b$"
}
}
