{"frames": {

"empty.png":
{
	"frame": {"x":1,"y":1,"w":16,"h":16},
	"rotated": false,
	"trimmed": false,
	"spriteSourceSize": {"x":0,"y":0,"w":16,"h":16},
	"sourceSize": {"w":16,"h":16}
},
"full-0.png":
{
	"frame": {"x":19,"y":1,"w":16,"h":16},
	"rotated": false,
	"trimmed": false,
	"spriteSourceSize": {"x":0,"y":0,"w":16,"h":16},
	"sourceSize": {"w":16,"h":16}
},
"full-1.png":
{
	"frame": {"x":37,"y":1,"w":16,"h":16},
	"rotated": false,
	"trimmed": false,
	"spriteSourceSize": {"x":0,"y":0,"w":16,"h":16},
	"sourceSize": {"w":16,"h":16}
},
"full-2.png":
{
	"frame": {"x":55,"y":1,"w":16,"h":16},
	"rotated": false,
	"trimmed": false,
	"spriteSourceSize": {"x":0,"y":0,"w":16,"h":16},
	"sourceSize": {"w":16,"h":16}
},
"full-3.png":
{
	"frame": {"x":73,"y":1,"w":16,"h":16},
	"rotated": false,
	"trimmed": false,
	"spriteSourceSize": {"x":0,"y":0,"w":16,"h":16},
	"sourceSize": {"w":16,"h":16}
},
"full-4.png":
{
	"frame": {"x":91,"y":1,"w":16,"h":16},
	"rotated": false,
	"trimmed": false,
	"spriteSourceSize": {"x":0,"y":0,"w":16,"h":16},
	"sourceSize": {"w":16,"h":16}
}},
"meta": {
	"app": "https://www.codeandweb.com/texturepacker",
	"version": "1.0",
	"image": "questionMark-hd.png",
	"format": "RGBA8888",
	"size": {"w":108,"h":18},
	"scale": "0.5",
	"smartupdate": "$TexturePacker:SmartUpdate:905688ec69e03375a2ce069c2a5ad716:dfcd63837b70b8a5d96047c86fb73e1c:f6b30b063a57d5a652c08504d70ec67e$"
}
}
