{"frames": {

"billboard-backflip.png":
{
	"frame": {"x":1,"y":1,"w":288,"h":224},
	"rotated": false,
	"trimmed": false,
	"spriteSourceSize": {"x":0,"y":0,"w":288,"h":224},
	"sourceSize": {"w":288,"h":224}
},
"billboard-bigtux.png":
{
	"frame": {"x":1,"y":227,"w":288,"h":224},
	"rotated": false,
	"trimmed": false,
	"spriteSourceSize": {"x":0,"y":0,"w":288,"h":224},
	"sourceSize": {"w":288,"h":224}
},
"billboard-buttjump.png":
{
	"frame": {"x":291,"y":1,"w":288,"h":224},
	"rotated": false,
	"trimmed": false,
	"spriteSourceSize": {"x":0,"y":0,"w":288,"h":224},
	"sourceSize": {"w":288,"h":224}
},
"billboard-climbing.png":
{
	"frame": {"x":291,"y":227,"w":288,"h":224},
	"rotated": false,
	"trimmed": false,
	"spriteSourceSize": {"x":0,"y":0,"w":288,"h":224},
	"sourceSize": {"w":288,"h":224}
},
"billboard-fireflower.png":
{
	"frame": {"x":581,"y":1,"w":288,"h":224},
	"rotated": false,
	"trimmed": false,
	"spriteSourceSize": {"x":0,"y":0,"w":288,"h":224},
	"sourceSize": {"w":288,"h":224}
},
"billboard-pickrock.png":
{
	"frame": {"x":581,"y":227,"w":288,"h":224},
	"rotated": false,
	"trimmed": false,
	"spriteSourceSize": {"x":0,"y":0,"w":288,"h":224},
	"sourceSize": {"w":288,"h":224}
},
"billboard-plant.png":
{
	"frame": {"x":871,"y":1,"w":288,"h":224},
	"rotated": false,
	"trimmed": false,
	"spriteSourceSize": {"x":0,"y":0,"w":288,"h":224},
	"sourceSize": {"w":288,"h":224}
},
"billboard-resetpoint.png":
{
	"frame": {"x":871,"y":227,"w":288,"h":224},
	"rotated": false,
	"trimmed": false,
	"spriteSourceSize": {"x":0,"y":0,"w":288,"h":224},
	"sourceSize": {"w":288,"h":224}
},
"billboard-runjump.png":
{
	"frame": {"x":1161,"y":1,"w":288,"h":224},
	"rotated": false,
	"trimmed": false,
	"spriteSourceSize": {"x":0,"y":0,"w":288,"h":224},
	"sourceSize": {"w":288,"h":224}
},
"billboard-star.png":
{
	"frame": {"x":1161,"y":227,"w":288,"h":224},
	"rotated": false,
	"trimmed": false,
	"spriteSourceSize": {"x":0,"y":0,"w":288,"h":224},
	"sourceSize": {"w":288,"h":224}
},
"billboard-switch.png":
{
	"frame": {"x":1451,"y":1,"w":288,"h":224},
	"rotated": false,
	"trimmed": false,
	"spriteSourceSize": {"x":0,"y":0,"w":288,"h":224},
	"sourceSize": {"w":288,"h":224}
},
"billboard-trampoline.png":
{
	"frame": {"x":1451,"y":227,"w":288,"h":224},
	"rotated": false,
	"trimmed": false,
	"spriteSourceSize": {"x":0,"y":0,"w":288,"h":224},
	"sourceSize": {"w":288,"h":224}
}},
"meta": {
	"app": "https://www.codeandweb.com/texturepacker",
	"version": "1.0",
	"image": "explanations-hd2.png",
	"format": "RGBA8888",
	"size": {"w":1740,"h":452},
	"scale": "1",
	"smartupdate": "$TexturePacker:SmartUpdate:7e92ea7f444131b9b163e54674d3af0f:b64b35d6648c062e129437e8feca8f4a:d79810f5e00b9cc09a007fc99cb3bf95$"
}
}
