{"frames": {

"billboard-backflip.png":
{
	"frame": {"x":1,"y":1,"w":144,"h":112},
	"rotated": false,
	"trimmed": false,
	"spriteSourceSize": {"x":0,"y":0,"w":144,"h":112},
	"sourceSize": {"w":144,"h":112}
},
"billboard-bigtux.png":
{
	"frame": {"x":147,"y":1,"w":144,"h":112},
	"rotated": false,
	"trimmed": false,
	"spriteSourceSize": {"x":0,"y":0,"w":144,"h":112},
	"sourceSize": {"w":144,"h":112}
},
"billboard-buttjump.png":
{
	"frame": {"x":293,"y":1,"w":144,"h":112},
	"rotated": false,
	"trimmed": false,
	"spriteSourceSize": {"x":0,"y":0,"w":144,"h":112},
	"sourceSize": {"w":144,"h":112}
},
"billboard-climbing.png":
{
	"frame": {"x":439,"y":1,"w":144,"h":112},
	"rotated": false,
	"trimmed": false,
	"spriteSourceSize": {"x":0,"y":0,"w":144,"h":112},
	"sourceSize": {"w":144,"h":112}
},
"billboard-fireflower.png":
{
	"frame": {"x":585,"y":1,"w":144,"h":112},
	"rotated": false,
	"trimmed": false,
	"spriteSourceSize": {"x":0,"y":0,"w":144,"h":112},
	"sourceSize": {"w":144,"h":112}
},
"billboard-pickrock.png":
{
	"frame": {"x":731,"y":1,"w":144,"h":112},
	"rotated": false,
	"trimmed": false,
	"spriteSourceSize": {"x":0,"y":0,"w":144,"h":112},
	"sourceSize": {"w":144,"h":112}
},
"billboard-plant.png":
{
	"frame": {"x":877,"y":1,"w":144,"h":112},
	"rotated": false,
	"trimmed": false,
	"spriteSourceSize": {"x":0,"y":0,"w":144,"h":112},
	"sourceSize": {"w":144,"h":112}
},
"billboard-resetpoint.png":
{
	"frame": {"x":1023,"y":1,"w":144,"h":112},
	"rotated": false,
	"trimmed": false,
	"spriteSourceSize": {"x":0,"y":0,"w":144,"h":112},
	"sourceSize": {"w":144,"h":112}
},
"billboard-runjump.png":
{
	"frame": {"x":1169,"y":1,"w":144,"h":112},
	"rotated": false,
	"trimmed": false,
	"spriteSourceSize": {"x":0,"y":0,"w":144,"h":112},
	"sourceSize": {"w":144,"h":112}
},
"billboard-star.png":
{
	"frame": {"x":1315,"y":1,"w":144,"h":112},
	"rotated": false,
	"trimmed": false,
	"spriteSourceSize": {"x":0,"y":0,"w":144,"h":112},
	"sourceSize": {"w":144,"h":112}
},
"billboard-switch.png":
{
	"frame": {"x":1461,"y":1,"w":144,"h":112},
	"rotated": false,
	"trimmed": false,
	"spriteSourceSize": {"x":0,"y":0,"w":144,"h":112},
	"sourceSize": {"w":144,"h":112}
},
"billboard-trampoline.png":
{
	"frame": {"x":1607,"y":1,"w":144,"h":112},
	"rotated": false,
	"trimmed": false,
	"spriteSourceSize": {"x":0,"y":0,"w":144,"h":112},
	"sourceSize": {"w":144,"h":112}
}},
"meta": {
	"app": "https://www.codeandweb.com/texturepacker",
	"version": "1.0",
	"image": "explanations-hd.png",
	"format": "RGBA8888",
	"size": {"w":1752,"h":114},
	"scale": "0.5",
	"smartupdate": "$TexturePacker:SmartUpdate:7e92ea7f444131b9b163e54674d3af0f:b64b35d6648c062e129437e8feca8f4a:d79810f5e00b9cc09a007fc99cb3bf95$"
}
}
