{"frames": {

"coin-0.png":
{
	"frame": {"x":1,"y":1,"w":32,"h":32},
	"rotated": false,
	"trimmed": false,
	"spriteSourceSize": {"x":0,"y":0,"w":32,"h":32},
	"sourceSize": {"w":32,"h":32}
},
"coin-1.png":
{
	"frame": {"x":1,"y":69,"w":30,"h":32},
	"rotated": false,
	"trimmed": true,
	"spriteSourceSize": {"x":0,"y":0,"w":30,"h":32},
	"sourceSize": {"w":32,"h":32}
},
"coin-2.png":
{
	"frame": {"x":35,"y":35,"w":25,"h":32},
	"rotated": false,
	"trimmed": true,
	"spriteSourceSize": {"x":4,"y":0,"w":25,"h":32},
	"sourceSize": {"w":32,"h":32}
},
"coin-3.png":
{
	"frame": {"x":35,"y":171,"w":15,"h":32},
	"rotated": false,
	"trimmed": true,
	"spriteSourceSize": {"x":9,"y":0,"w":15,"h":32},
	"sourceSize": {"w":32,"h":32}
},
"coin-4.png":
{
	"frame": {"x":51,"y":137,"w":8,"h":32},
	"rotated": false,
	"trimmed": true,
	"spriteSourceSize": {"x":12,"y":0,"w":8,"h":32},
	"sourceSize": {"w":32,"h":32}
},
"coin-5.png":
{
	"frame": {"x":33,"y":137,"w":16,"h":32},
	"rotated": false,
	"trimmed": true,
	"spriteSourceSize": {"x":8,"y":0,"w":16,"h":32},
	"sourceSize": {"w":32,"h":32}
},
"coin-6.png":
{
	"frame": {"x":33,"y":103,"w":26,"h":32},
	"rotated": false,
	"trimmed": true,
	"spriteSourceSize": {"x":3,"y":0,"w":26,"h":32},
	"sourceSize": {"w":32,"h":32}
},
"coin-7.png":
{
	"frame": {"x":1,"y":137,"w":30,"h":32},
	"rotated": false,
	"trimmed": true,
	"spriteSourceSize": {"x":2,"y":0,"w":30,"h":32},
	"sourceSize": {"w":32,"h":32}
},
"coin-8.png":
{
	"frame": {"x":1,"y":35,"w":32,"h":32},
	"rotated": false,
	"trimmed": false,
	"spriteSourceSize": {"x":0,"y":0,"w":32,"h":32},
	"sourceSize": {"w":32,"h":32}
},
"coin-9.png":
{
	"frame": {"x":1,"y":171,"w":30,"h":32},
	"rotated": true,
	"trimmed": true,
	"spriteSourceSize": {"x":0,"y":0,"w":30,"h":32},
	"sourceSize": {"w":32,"h":32}
},
"coin-10.png":
{
	"frame": {"x":35,"y":1,"w":25,"h":32},
	"rotated": false,
	"trimmed": true,
	"spriteSourceSize": {"x":4,"y":0,"w":25,"h":32},
	"sourceSize": {"w":32,"h":32}
},
"coin-11.png":
{
	"frame": {"x":35,"y":171,"w":15,"h":32},
	"rotated": false,
	"trimmed": true,
	"spriteSourceSize": {"x":9,"y":0,"w":15,"h":32},
	"sourceSize": {"w":32,"h":32}
},
"coin-12.png":
{
	"frame": {"x":51,"y":137,"w":8,"h":32},
	"rotated": false,
	"trimmed": true,
	"spriteSourceSize": {"x":12,"y":0,"w":8,"h":32},
	"sourceSize": {"w":32,"h":32}
},
"coin-13.png":
{
	"frame": {"x":33,"y":137,"w":16,"h":32},
	"rotated": false,
	"trimmed": true,
	"spriteSourceSize": {"x":8,"y":0,"w":16,"h":32},
	"sourceSize": {"w":32,"h":32}
},
"coin-14.png":
{
	"frame": {"x":33,"y":69,"w":26,"h":32},
	"rotated": false,
	"trimmed": true,
	"spriteSourceSize": {"x":3,"y":0,"w":26,"h":32},
	"sourceSize": {"w":32,"h":32}
},
"coin-15.png":
{
	"frame": {"x":1,"y":103,"w":30,"h":32},
	"rotated": false,
	"trimmed": true,
	"spriteSourceSize": {"x":2,"y":0,"w":30,"h":32},
	"sourceSize": {"w":32,"h":32}
}},
"meta": {
	"app": "https://www.codeandweb.com/texturepacker",
	"version": "1.0",
	"image": "coin-hd2.png",
	"format": "RGBA8888",
	"size": {"w":61,"h":204},
	"scale": "1",
	"smartupdate": "$TexturePacker:SmartUpdate:5e0d6789638520bc01f2108a3abef32e:c63755727b598d9231d6003e55a8773d:acf135b451c4be04b4b33f0a36ef1e85$"
}
}
