{"frames": {

"egg-shade.png":
{
	"frame": {"x":1,"y":1,"w":32,"h":32},
	"rotated": false,
	"trimmed": false,
	"spriteSourceSize": {"x":0,"y":0,"w":32,"h":32},
	"sourceSize": {"w":32,"h":32}
},
"fire_flower-0.png":
{
	"frame": {"x":35,"y":1,"w":32,"h":32},
	"rotated": false,
	"trimmed": false,
	"spriteSourceSize": {"x":0,"y":0,"w":32,"h":32},
	"sourceSize": {"w":32,"h":32}
},
"fire_flower-1.png":
{
	"frame": {"x":69,"y":1,"w":32,"h":32},
	"rotated": false,
	"trimmed": false,
	"spriteSourceSize": {"x":0,"y":0,"w":32,"h":32},
	"sourceSize": {"w":32,"h":32}
},
"fire_flower-2.png":
{
	"frame": {"x":103,"y":1,"w":32,"h":32},
	"rotated": false,
	"trimmed": false,
	"spriteSourceSize": {"x":0,"y":0,"w":32,"h":32},
	"sourceSize": {"w":32,"h":32}
},
"fire_flower-3.png":
{
	"frame": {"x":137,"y":1,"w":32,"h":32},
	"rotated": false,
	"trimmed": false,
	"spriteSourceSize": {"x":0,"y":0,"w":32,"h":32},
	"sourceSize": {"w":32,"h":32}
}},
"meta": {
	"app": "https://www.codeandweb.com/texturepacker",
	"version": "1.0",
	"image": "powerUp-hd2.png",
	"format": "RGBA8888",
	"size": {"w":170,"h":34},
	"scale": "1",
	"smartupdate": "$TexturePacker:SmartUpdate:0fa62b656a675768b87d849c0f71b71e:07ff3bc540a0d41d61be7b3fe387bf80:14ac55d1b799833d9a3be843fce814d4$"
}
}
