{"frames": {

"egg-shade.png":
{
	"frame": {"x":1,"y":1,"w":16,"h":16},
	"rotated": false,
	"trimmed": false,
	"spriteSourceSize": {"x":0,"y":0,"w":16,"h":16},
	"sourceSize": {"w":16,"h":16}
},
"fire_flower-0.png":
{
	"frame": {"x":19,"y":1,"w":16,"h":16},
	"rotated": false,
	"trimmed": false,
	"spriteSourceSize": {"x":0,"y":0,"w":16,"h":16},
	"sourceSize": {"w":16,"h":16}
},
"fire_flower-1.png":
{
	"frame": {"x":37,"y":1,"w":16,"h":16},
	"rotated": false,
	"trimmed": false,
	"spriteSourceSize": {"x":0,"y":0,"w":16,"h":16},
	"sourceSize": {"w":16,"h":16}
},
"fire_flower-2.png":
{
	"frame": {"x":55,"y":1,"w":16,"h":16},
	"rotated": false,
	"trimmed": false,
	"spriteSourceSize": {"x":0,"y":0,"w":16,"h":16},
	"sourceSize": {"w":16,"h":16}
},
"fire_flower-3.png":
{
	"frame": {"x":73,"y":1,"w":16,"h":16},
	"rotated": false,
	"trimmed": false,
	"spriteSourceSize": {"x":0,"y":0,"w":16,"h":16},
	"sourceSize": {"w":16,"h":16}
}},
"meta": {
	"app": "https://www.codeandweb.com/texturepacker",
	"version": "1.0",
	"image": "powerUp-hd.png",
	"format": "RGBA8888",
	"size": {"w":90,"h":18},
	"scale": "0.5",
	"smartupdate": "$TexturePacker:SmartUpdate:0fa62b656a675768b87d849c0f71b71e:07ff3bc540a0d41d61be7b3fe387bf80:14ac55d1b799833d9a3be843fce814d4$"
}
}
