{"frames": {

"gameover-0.png":
{
	"frame": {"x":1,"y":1,"w":14,"h":11},
	"rotated": false,
	"trimmed": false,
	"spriteSourceSize": {"x":0,"y":0,"w":14,"h":11},
	"sourceSize": {"w":14,"h":11}
},
"gameover-1.png":
{
	"frame": {"x":17,"y":1,"w":14,"h":11},
	"rotated": false,
	"trimmed": false,
	"spriteSourceSize": {"x":0,"y":0,"w":14,"h":11},
	"sourceSize": {"w":14,"h":11}
},
"grow-0.png":
{
	"frame": {"x":43,"y":53,"w":14,"h":12},
	"rotated": false,
	"trimmed": true,
	"spriteSourceSize": {"x":1,"y":8,"w":14,"h":12},
	"sourceSize": {"w":16,"h":20}
},
"grow-1.png":
{
	"frame": {"x":1,"y":66,"w":14,"h":12},
	"rotated": false,
	"trimmed": true,
	"spriteSourceSize": {"x":1,"y":8,"w":14,"h":12},
	"sourceSize": {"w":16,"h":20}
},
"grow-2.png":
{
	"frame": {"x":17,"y":66,"w":14,"h":12},
	"rotated": false,
	"trimmed": true,
	"spriteSourceSize": {"x":1,"y":8,"w":14,"h":12},
	"sourceSize": {"w":16,"h":20}
},
"grow-3.png":
{
	"frame": {"x":17,"y":124,"w":14,"h":15},
	"rotated": true,
	"trimmed": true,
	"spriteSourceSize": {"x":1,"y":5,"w":14,"h":15},
	"sourceSize": {"w":16,"h":20}
},
"grow-4.png":
{
	"frame": {"x":34,"y":124,"w":14,"h":17},
	"rotated": true,
	"trimmed": true,
	"spriteSourceSize": {"x":1,"y":3,"w":14,"h":17},
	"sourceSize": {"w":16,"h":20}
},
"grow-5.png":
{
	"frame": {"x":17,"y":140,"w":14,"h":18},
	"rotated": true,
	"trimmed": true,
	"spriteSourceSize": {"x":1,"y":2,"w":14,"h":18},
	"sourceSize": {"w":16,"h":20}
},
"grow-6.png":
{
	"frame": {"x":37,"y":140,"w":14,"h":18},
	"rotated": true,
	"trimmed": true,
	"spriteSourceSize": {"x":1,"y":2,"w":14,"h":18},
	"sourceSize": {"w":16,"h":20}
},
"idle-0.png":
{
	"frame": {"x":33,"y":1,"w":12,"h":11},
	"rotated": false,
	"trimmed": true,
	"spriteSourceSize": {"x":0,"y":1,"w":12,"h":11},
	"sourceSize": {"w":12,"h":12}
},
"idle-1.png":
{
	"frame": {"x":47,"y":1,"w":12,"h":11},
	"rotated": false,
	"trimmed": true,
	"spriteSourceSize": {"x":0,"y":1,"w":12,"h":11},
	"sourceSize": {"w":12,"h":12}
},
"jump-0.png":
{
	"frame": {"x":33,"y":67,"w":12,"h":12},
	"rotated": false,
	"trimmed": false,
	"spriteSourceSize": {"x":0,"y":0,"w":12,"h":12},
	"sourceSize": {"w":12,"h":12}
},
"kick-0.png":
{
	"frame": {"x":1,"y":14,"w":12,"h":11},
	"rotated": false,
	"trimmed": true,
	"spriteSourceSize": {"x":0,"y":1,"w":12,"h":11},
	"sourceSize": {"w":12,"h":12}
},
"ladder-0.png":
{
	"frame": {"x":29,"y":109,"w":14,"h":13},
	"rotated": false,
	"trimmed": true,
	"spriteSourceSize": {"x":0,"y":0,"w":14,"h":13},
	"sourceSize": {"w":14,"h":16}
},
"ladder-1.png":
{
	"frame": {"x":45,"y":109,"w":14,"h":13},
	"rotated": false,
	"trimmed": true,
	"spriteSourceSize": {"x":0,"y":0,"w":14,"h":13},
	"sourceSize": {"w":14,"h":16}
},
"ladder-2.png":
{
	"frame": {"x":1,"y":122,"w":14,"h":13},
	"rotated": false,
	"trimmed": true,
	"spriteSourceSize": {"x":0,"y":0,"w":14,"h":13},
	"sourceSize": {"w":14,"h":16}
},
"ladder-3.png":
{
	"frame": {"x":1,"y":137,"w":14,"h":14},
	"rotated": false,
	"trimmed": true,
	"spriteSourceSize": {"x":0,"y":0,"w":14,"h":14},
	"sourceSize": {"w":14,"h":16}
},
"run-0.png":
{
	"frame": {"x":47,"y":67,"w":12,"h":12},
	"rotated": false,
	"trimmed": false,
	"spriteSourceSize": {"x":0,"y":0,"w":12,"h":12},
	"sourceSize": {"w":12,"h":12}
},
"run-1.png":
{
	"frame": {"x":1,"y":80,"w":12,"h":12},
	"rotated": false,
	"trimmed": false,
	"spriteSourceSize": {"x":0,"y":0,"w":12,"h":12},
	"sourceSize": {"w":12,"h":12}
},
"run-2.png":
{
	"frame": {"x":29,"y":95,"w":12,"h":12},
	"rotated": false,
	"trimmed": false,
	"spriteSourceSize": {"x":0,"y":0,"w":12,"h":12},
	"sourceSize": {"w":12,"h":12}
},
"run-3.png":
{
	"frame": {"x":29,"y":14,"w":12,"h":11},
	"rotated": false,
	"trimmed": true,
	"spriteSourceSize": {"x":0,"y":1,"w":12,"h":11},
	"sourceSize": {"w":12,"h":12}
},
"run-4.png":
{
	"frame": {"x":43,"y":14,"w":12,"h":11},
	"rotated": false,
	"trimmed": true,
	"spriteSourceSize": {"x":0,"y":1,"w":12,"h":11},
	"sourceSize": {"w":12,"h":12}
},
"run-5.png":
{
	"frame": {"x":1,"y":27,"w":12,"h":11},
	"rotated": false,
	"trimmed": true,
	"spriteSourceSize": {"x":0,"y":1,"w":12,"h":11},
	"sourceSize": {"w":12,"h":12}
},
"run-6.png":
{
	"frame": {"x":15,"y":27,"w":12,"h":11},
	"rotated": false,
	"trimmed": true,
	"spriteSourceSize": {"x":0,"y":1,"w":12,"h":11},
	"sourceSize": {"w":12,"h":12}
},
"run-7.png":
{
	"frame": {"x":43,"y":95,"w":12,"h":12},
	"rotated": false,
	"trimmed": false,
	"spriteSourceSize": {"x":0,"y":0,"w":12,"h":12},
	"sourceSize": {"w":12,"h":12}
},
"run-8.png":
{
	"frame": {"x":1,"y":108,"w":12,"h":12},
	"rotated": false,
	"trimmed": false,
	"spriteSourceSize": {"x":0,"y":0,"w":12,"h":12},
	"sourceSize": {"w":12,"h":12}
},
"run-9.png":
{
	"frame": {"x":15,"y":108,"w":12,"h":12},
	"rotated": false,
	"trimmed": false,
	"spriteSourceSize": {"x":0,"y":0,"w":12,"h":12},
	"sourceSize": {"w":12,"h":12}
},
"run-10.png":
{
	"frame": {"x":15,"y":80,"w":12,"h":12},
	"rotated": false,
	"trimmed": false,
	"spriteSourceSize": {"x":0,"y":0,"w":12,"h":12},
	"sourceSize": {"w":12,"h":12}
},
"run-11.png":
{
	"frame": {"x":29,"y":81,"w":12,"h":12},
	"rotated": false,
	"trimmed": false,
	"spriteSourceSize": {"x":0,"y":0,"w":12,"h":12},
	"sourceSize": {"w":12,"h":12}
},
"run-12.png":
{
	"frame": {"x":43,"y":81,"w":12,"h":12},
	"rotated": false,
	"trimmed": false,
	"spriteSourceSize": {"x":0,"y":0,"w":12,"h":12},
	"sourceSize": {"w":12,"h":12}
},
"run-13.png":
{
	"frame": {"x":1,"y":94,"w":12,"h":12},
	"rotated": false,
	"trimmed": false,
	"spriteSourceSize": {"x":0,"y":0,"w":12,"h":12},
	"sourceSize": {"w":12,"h":12}
},
"run-14.png":
{
	"frame": {"x":15,"y":94,"w":12,"h":12},
	"rotated": false,
	"trimmed": false,
	"spriteSourceSize": {"x":0,"y":0,"w":12,"h":12},
	"sourceSize": {"w":12,"h":12}
},
"run-15.png":
{
	"frame": {"x":15,"y":14,"w":12,"h":11},
	"rotated": false,
	"trimmed": true,
	"spriteSourceSize": {"x":0,"y":1,"w":12,"h":11},
	"sourceSize": {"w":12,"h":12}
},
"skid-0.png":
{
	"frame": {"x":29,"y":27,"w":12,"h":11},
	"rotated": false,
	"trimmed": true,
	"spriteSourceSize": {"x":0,"y":1,"w":12,"h":11},
	"sourceSize": {"w":12,"h":12}
},
"stand-0.png":
{
	"frame": {"x":43,"y":27,"w":12,"h":11},
	"rotated": false,
	"trimmed": true,
	"spriteSourceSize": {"x":0,"y":1,"w":12,"h":11},
	"sourceSize": {"w":12,"h":12}
},
"walk-0.png":
{
	"frame": {"x":1,"y":40,"w":12,"h":11},
	"rotated": false,
	"trimmed": true,
	"spriteSourceSize": {"x":0,"y":1,"w":12,"h":11},
	"sourceSize": {"w":12,"h":12}
},
"walk-1.png":
{
	"frame": {"x":15,"y":40,"w":12,"h":11},
	"rotated": false,
	"trimmed": true,
	"spriteSourceSize": {"x":0,"y":1,"w":12,"h":11},
	"sourceSize": {"w":12,"h":12}
},
"walk-2.png":
{
	"frame": {"x":29,"y":40,"w":12,"h":11},
	"rotated": false,
	"trimmed": true,
	"spriteSourceSize": {"x":0,"y":1,"w":12,"h":11},
	"sourceSize": {"w":12,"h":12}
},
"walk-3.png":
{
	"frame": {"x":43,"y":40,"w":12,"h":11},
	"rotated": false,
	"trimmed": true,
	"spriteSourceSize": {"x":0,"y":1,"w":12,"h":11},
	"sourceSize": {"w":12,"h":12}
},
"walk-4.png":
{
	"frame": {"x":1,"y":53,"w":12,"h":11},
	"rotated": false,
	"trimmed": true,
	"spriteSourceSize": {"x":0,"y":1,"w":12,"h":11},
	"sourceSize": {"w":12,"h":12}
},
"walk-5.png":
{
	"frame": {"x":43,"y":27,"w":12,"h":11},
	"rotated": false,
	"trimmed": true,
	"spriteSourceSize": {"x":0,"y":1,"w":12,"h":11},
	"sourceSize": {"w":12,"h":12}
},
"walk-6.png":
{
	"frame": {"x":15,"y":53,"w":12,"h":11},
	"rotated": false,
	"trimmed": true,
	"spriteSourceSize": {"x":0,"y":1,"w":12,"h":11},
	"sourceSize": {"w":12,"h":12}
},
"walk-7.png":
{
	"frame": {"x":29,"y":53,"w":12,"h":11},
	"rotated": false,
	"trimmed": true,
	"spriteSourceSize": {"x":0,"y":1,"w":12,"h":11},
	"sourceSize": {"w":12,"h":12}
}},
"meta": {
	"app": "https://www.codeandweb.com/texturepacker",
	"version": "1.0",
	"image": "Small-sd.png",
	"format": "RGBA8888",
	"size": {"w":60,"h":155},
	"scale": "0.25",
	"smartupdate": "$TexturePacker:SmartUpdate:a41d0716ddd9498716403f053463923c:be82111ee2170878a6fb9047205f1b9c:bf2dca9e627807362d76a2924373715d$"
}
}
